"","pub_year","cit_month","count"
"1","1994",2011-01-01,0
"2","1996",2011-01-01,0
"3","1997",2011-01-01,15
"4","1998",2011-01-01,42
"5","1999",2011-01-01,92
"6","2000",2011-01-01,90
"7","2001",2011-01-01,78
"8","2002",2011-01-01,79
"9","2003",2011-01-01,55
"10","2004",2011-01-01,58
"11","2005",2011-01-01,47
"12","2006",2011-01-01,57
"13","2007",2011-01-01,28
"14","2008",2011-01-01,9
"15","2009",2011-01-01,14
"16","2010",2011-01-01,8
"17","2011",2011-01-01,0
"18","2012",2011-01-01,0
"19","2013",2011-01-01,0
"20","2014",2011-01-01,0
"21","1994",2011-02-01,0
"22","1996",2011-02-01,0
"23","1997",2011-02-01,12
"24","1998",2011-02-01,105
"25","1999",2011-02-01,125
"26","2000",2011-02-01,105
"27","2001",2011-02-01,99
"28","2002",2011-02-01,87
"29","2003",2011-02-01,71
"30","2004",2011-02-01,79
"31","2005",2011-02-01,75
"32","2006",2011-02-01,62
"33","2007",2011-02-01,36
"34","2008",2011-02-01,22
"35","2009",2011-02-01,15
"36","2010",2011-02-01,1
"37","2011",2011-02-01,0
"38","2012",2011-02-01,0
"39","2013",2011-02-01,0
"40","2014",2011-02-01,0
"41","1994",2011-03-01,0
"42","1996",2011-03-01,1
"43","1997",2011-03-01,12
"44","1998",2011-03-01,97
"45","1999",2011-03-01,144
"46","2000",2011-03-01,155
"47","2001",2011-03-01,112
"48","2002",2011-03-01,97
"49","2003",2011-03-01,111
"50","2004",2011-03-01,93
"51","2005",2011-03-01,95
"52","2006",2011-03-01,73
"53","2007",2011-03-01,47
"54","2008",2011-03-01,23
"55","2009",2011-03-01,12
"56","2010",2011-03-01,9
"57","2011",2011-03-01,0
"58","2012",2011-03-01,0
"59","2013",2011-03-01,0
"60","2014",2011-03-01,0
"61","1994",2011-04-01,0
"62","1996",2011-04-01,0
"63","1997",2011-04-01,17
"64","1998",2011-04-01,98
"65","1999",2011-04-01,96
"66","2000",2011-04-01,121
"67","2001",2011-04-01,104
"68","2002",2011-04-01,80
"69","2003",2011-04-01,60
"70","2004",2011-04-01,66
"71","2005",2011-04-01,77
"72","2006",2011-04-01,69
"73","2007",2011-04-01,31
"74","2008",2011-04-01,17
"75","2009",2011-04-01,10
"76","2010",2011-04-01,5
"77","2011",2011-04-01,0
"78","2012",2011-04-01,0
"79","2013",2011-04-01,0
"80","2014",2011-04-01,0
"81","1994",2011-05-01,0
"82","1996",2011-05-01,0
"83","1997",2011-05-01,12
"84","1998",2011-05-01,91
"85","1999",2011-05-01,132
"86","2000",2011-05-01,135
"87","2001",2011-05-01,89
"88","2002",2011-05-01,93
"89","2003",2011-05-01,80
"90","2004",2011-05-01,82
"91","2005",2011-05-01,66
"92","2006",2011-05-01,44
"93","2007",2011-05-01,30
"94","2008",2011-05-01,16
"95","2009",2011-05-01,9
"96","2010",2011-05-01,10
"97","2011",2011-05-01,0
"98","2012",2011-05-01,0
"99","2013",2011-05-01,0
"100","2014",2011-05-01,0
"101","1994",2011-06-01,0
"102","1996",2011-06-01,0
"103","1997",2011-06-01,15
"104","1998",2011-06-01,66
"105","1999",2011-06-01,91
"106","2000",2011-06-01,110
"107","2001",2011-06-01,93
"108","2002",2011-06-01,57
"109","2003",2011-06-01,67
"110","2004",2011-06-01,70
"111","2005",2011-06-01,58
"112","2006",2011-06-01,57
"113","2007",2011-06-01,32
"114","2008",2011-06-01,20
"115","2009",2011-06-01,12
"116","2010",2011-06-01,4
"117","2011",2011-06-01,0
"118","2012",2011-06-01,0
"119","2013",2011-06-01,0
"120","2014",2011-06-01,0
"121","1994",2011-07-01,0
"122","1996",2011-07-01,0
"123","1997",2011-07-01,8
"124","1998",2011-07-01,39
"125","1999",2011-07-01,78
"126","2000",2011-07-01,102
"127","2001",2011-07-01,65
"128","2002",2011-07-01,66
"129","2003",2011-07-01,40
"130","2004",2011-07-01,44
"131","2005",2011-07-01,52
"132","2006",2011-07-01,50
"133","2007",2011-07-01,38
"134","2008",2011-07-01,15
"135","2009",2011-07-01,18
"136","2010",2011-07-01,4
"137","2011",2011-07-01,1
"138","2012",2011-07-01,0
"139","2013",2011-07-01,0
"140","2014",2011-07-01,0
"141","1994",2011-08-01,0
"142","1996",2011-08-01,0
"143","1997",2011-08-01,22
"144","1998",2011-08-01,114
"145","1999",2011-08-01,134
"146","2000",2011-08-01,160
"147","2001",2011-08-01,114
"148","2002",2011-08-01,92
"149","2003",2011-08-01,93
"150","2004",2011-08-01,74
"151","2005",2011-08-01,78
"152","2006",2011-08-01,78
"153","2007",2011-08-01,43
"154","2008",2011-08-01,18
"155","2009",2011-08-01,15
"156","2010",2011-08-01,6
"157","2011",2011-08-01,1
"158","2012",2011-08-01,0
"159","2013",2011-08-01,0
"160","2014",2011-08-01,0
"161","1994",2011-09-01,0
"162","1996",2011-09-01,1
"163","1997",2011-09-01,18
"164","1998",2011-09-01,91
"165","1999",2011-09-01,115
"166","2000",2011-09-01,122
"167","2001",2011-09-01,89
"168","2002",2011-09-01,83
"169","2003",2011-09-01,69
"170","2004",2011-09-01,49
"171","2005",2011-09-01,65
"172","2006",2011-09-01,65
"173","2007",2011-09-01,34
"174","2008",2011-09-01,9
"175","2009",2011-09-01,16
"176","2010",2011-09-01,10
"177","2011",2011-09-01,0
"178","2012",2011-09-01,0
"179","2013",2011-09-01,0
"180","2014",2011-09-01,0
"181","1994",2011-10-01,0
"182","1996",2011-10-01,0
"183","1997",2011-10-01,15
"184","1998",2011-10-01,78
"185","1999",2011-10-01,109
"186","2000",2011-10-01,140
"187","2001",2011-10-01,79
"188","2002",2011-10-01,78
"189","2003",2011-10-01,68
"190","2004",2011-10-01,88
"191","2005",2011-10-01,86
"192","2006",2011-10-01,63
"193","2007",2011-10-01,38
"194","2008",2011-10-01,19
"195","2009",2011-10-01,18
"196","2010",2011-10-01,9
"197","2011",2011-10-01,1
"198","2012",2011-10-01,0
"199","2013",2011-10-01,0
"200","2014",2011-10-01,0
"201","1994",2011-11-01,0
"202","1996",2011-11-01,0
"203","1997",2011-11-01,17
"204","1998",2011-11-01,108
"205","1999",2011-11-01,167
"206","2000",2011-11-01,180
"207","2001",2011-11-01,97
"208","2002",2011-11-01,93
"209","2003",2011-11-01,107
"210","2004",2011-11-01,124
"211","2005",2011-11-01,72
"212","2006",2011-11-01,90
"213","2007",2011-11-01,50
"214","2008",2011-11-01,28
"215","2009",2011-11-01,25
"216","2010",2011-11-01,17
"217","2011",2011-11-01,4
"218","2012",2011-11-01,0
"219","2013",2011-11-01,0
"220","2014",2011-11-01,0
"221","1994",2011-12-01,0
"222","1996",2011-12-01,0
"223","1997",2011-12-01,13
"224","1998",2011-12-01,69
"225","1999",2011-12-01,105
"226","2000",2011-12-01,110
"227","2001",2011-12-01,95
"228","2002",2011-12-01,80
"229","2003",2011-12-01,53
"230","2004",2011-12-01,60
"231","2005",2011-12-01,60
"232","2006",2011-12-01,69
"233","2007",2011-12-01,32
"234","2008",2011-12-01,22
"235","2009",2011-12-01,12
"236","2010",2011-12-01,8
"237","2011",2011-12-01,7
"238","2012",2011-12-01,0
"239","2013",2011-12-01,0
"240","2014",2011-12-01,0
"241","1994",2012-01-01,0
"242","1996",2012-01-01,1
"243","1997",2012-01-01,22
"244","1998",2012-01-01,83
"245","1999",2012-01-01,129
"246","2000",2012-01-01,119
"247","2001",2012-01-01,133
"248","2002",2012-01-01,81
"249","2003",2012-01-01,90
"250","2004",2012-01-01,96
"251","2005",2012-01-01,94
"252","2006",2012-01-01,106
"253","2007",2012-01-01,44
"254","2008",2012-01-01,31
"255","2009",2012-01-01,24
"256","2010",2012-01-01,9
"257","2011",2012-01-01,8
"258","2012",2012-01-01,0
"259","2013",2012-01-01,0
"260","2014",2012-01-01,0
"261","1994",2012-02-01,0
"262","1996",2012-02-01,0
"263","1997",2012-02-01,16
"264","1998",2012-02-01,55
"265","1999",2012-02-01,93
"266","2000",2012-02-01,86
"267","2001",2012-02-01,84
"268","2002",2012-02-01,74
"269","2003",2012-02-01,71
"270","2004",2012-02-01,92
"271","2005",2012-02-01,75
"272","2006",2012-02-01,67
"273","2007",2012-02-01,38
"274","2008",2012-02-01,14
"275","2009",2012-02-01,23
"276","2010",2012-02-01,13
"277","2011",2012-02-01,8
"278","2012",2012-02-01,0
"279","2013",2012-02-01,0
"280","2014",2012-02-01,0
"281","1994",2012-03-01,0
"282","1996",2012-03-01,0
"283","1997",2012-03-01,8
"284","1998",2012-03-01,33
"285","1999",2012-03-01,113
"286","2000",2012-03-01,109
"287","2001",2012-03-01,84
"288","2002",2012-03-01,55
"289","2003",2012-03-01,58
"290","2004",2012-03-01,57
"291","2005",2012-03-01,58
"292","2006",2012-03-01,73
"293","2007",2012-03-01,43
"294","2008",2012-03-01,17
"295","2009",2012-03-01,15
"296","2010",2012-03-01,13
"297","2011",2012-03-01,8
"298","2012",2012-03-01,0
"299","2013",2012-03-01,0
"300","2014",2012-03-01,0
"301","1994",2012-04-01,0
"302","1996",2012-04-01,0
"303","1997",2012-04-01,12
"304","1998",2012-04-01,69
"305","1999",2012-04-01,108
"306","2000",2012-04-01,116
"307","2001",2012-04-01,88
"308","2002",2012-04-01,81
"309","2003",2012-04-01,84
"310","2004",2012-04-01,99
"311","2005",2012-04-01,70
"312","2006",2012-04-01,64
"313","2007",2012-04-01,51
"314","2008",2012-04-01,23
"315","2009",2012-04-01,26
"316","2010",2012-04-01,20
"317","2011",2012-04-01,17
"318","2012",2012-04-01,0
"319","2013",2012-04-01,0
"320","2014",2012-04-01,0
"321","1994",2012-05-01,0
"322","1996",2012-05-01,0
"323","1997",2012-05-01,14
"324","1998",2012-05-01,100
"325","1999",2012-05-01,161
"326","2000",2012-05-01,158
"327","2001",2012-05-01,129
"328","2002",2012-05-01,92
"329","2003",2012-05-01,80
"330","2004",2012-05-01,112
"331","2005",2012-05-01,102
"332","2006",2012-05-01,93
"333","2007",2012-05-01,49
"334","2008",2012-05-01,26
"335","2009",2012-05-01,23
"336","2010",2012-05-01,33
"337","2011",2012-05-01,10
"338","2012",2012-05-01,0
"339","2013",2012-05-01,0
"340","2014",2012-05-01,0
"341","1994",2012-06-01,0
"342","1996",2012-06-01,0
"343","1997",2012-06-01,9
"344","1998",2012-06-01,44
"345","1999",2012-06-01,111
"346","2000",2012-06-01,133
"347","2001",2012-06-01,79
"348","2002",2012-06-01,77
"349","2003",2012-06-01,89
"350","2004",2012-06-01,96
"351","2005",2012-06-01,79
"352","2006",2012-06-01,69
"353","2007",2012-06-01,54
"354","2008",2012-06-01,27
"355","2009",2012-06-01,24
"356","2010",2012-06-01,21
"357","2011",2012-06-01,12
"358","2012",2012-06-01,0
"359","2013",2012-06-01,0
"360","2014",2012-06-01,0
"361","1994",2012-07-01,0
"362","1996",2012-07-01,2
"363","1997",2012-07-01,21
"364","1998",2012-07-01,103
"365","1999",2012-07-01,154
"366","2000",2012-07-01,158
"367","2001",2012-07-01,104
"368","2002",2012-07-01,94
"369","2003",2012-07-01,94
"370","2004",2012-07-01,66
"371","2005",2012-07-01,99
"372","2006",2012-07-01,99
"373","2007",2012-07-01,54
"374","2008",2012-07-01,35
"375","2009",2012-07-01,23
"376","2010",2012-07-01,20
"377","2011",2012-07-01,20
"378","2012",2012-07-01,1
"379","2013",2012-07-01,0
"380","2014",2012-07-01,0
"381","1994",2012-08-01,0
"382","1996",2012-08-01,0
"383","1997",2012-08-01,10
"384","1998",2012-08-01,63
"385","1999",2012-08-01,129
"386","2000",2012-08-01,141
"387","2001",2012-08-01,94
"388","2002",2012-08-01,87
"389","2003",2012-08-01,75
"390","2004",2012-08-01,70
"391","2005",2012-08-01,91
"392","2006",2012-08-01,80
"393","2007",2012-08-01,67
"394","2008",2012-08-01,31
"395","2009",2012-08-01,26
"396","2010",2012-08-01,30
"397","2011",2012-08-01,10
"398","2012",2012-08-01,1
"399","2013",2012-08-01,0
"400","2014",2012-08-01,0
"401","1994",2012-09-01,0
"402","1996",2012-09-01,0
"403","1997",2012-09-01,15
"404","1998",2012-09-01,72
"405","1999",2012-09-01,134
"406","2000",2012-09-01,136
"407","2001",2012-09-01,93
"408","2002",2012-09-01,76
"409","2003",2012-09-01,66
"410","2004",2012-09-01,75
"411","2005",2012-09-01,56
"412","2006",2012-09-01,68
"413","2007",2012-09-01,50
"414","2008",2012-09-01,21
"415","2009",2012-09-01,15
"416","2010",2012-09-01,26
"417","2011",2012-09-01,12
"418","2012",2012-09-01,2
"419","2013",2012-09-01,0
"420","2014",2012-09-01,0
"421","1994",2012-10-01,0
"422","1996",2012-10-01,0
"423","1997",2012-10-01,17
"424","1998",2012-10-01,75
"425","1999",2012-10-01,114
"426","2000",2012-10-01,138
"427","2001",2012-10-01,125
"428","2002",2012-10-01,88
"429","2003",2012-10-01,85
"430","2004",2012-10-01,88
"431","2005",2012-10-01,80
"432","2006",2012-10-01,85
"433","2007",2012-10-01,62
"434","2008",2012-10-01,39
"435","2009",2012-10-01,22
"436","2010",2012-10-01,38
"437","2011",2012-10-01,20
"438","2012",2012-10-01,2
"439","2013",2012-10-01,0
"440","2014",2012-10-01,0
"441","1994",2012-11-01,0
"442","1996",2012-11-01,0
"443","1997",2012-11-01,10
"444","1998",2012-11-01,71
"445","1999",2012-11-01,86
"446","2000",2012-11-01,110
"447","2001",2012-11-01,84
"448","2002",2012-11-01,61
"449","2003",2012-11-01,70
"450","2004",2012-11-01,84
"451","2005",2012-11-01,73
"452","2006",2012-11-01,80
"453","2007",2012-11-01,53
"454","2008",2012-11-01,29
"455","2009",2012-11-01,22
"456","2010",2012-11-01,17
"457","2011",2012-11-01,11
"458","2012",2012-11-01,4
"459","2013",2012-11-01,0
"460","2014",2012-11-01,0
"461","1994",2012-12-01,0
"462","1996",2012-12-01,1
"463","1997",2012-12-01,8
"464","1998",2012-12-01,60
"465","1999",2012-12-01,100
"466","2000",2012-12-01,99
"467","2001",2012-12-01,92
"468","2002",2012-12-01,70
"469","2003",2012-12-01,72
"470","2004",2012-12-01,79
"471","2005",2012-12-01,59
"472","2006",2012-12-01,69
"473","2007",2012-12-01,36
"474","2008",2012-12-01,30
"475","2009",2012-12-01,24
"476","2010",2012-12-01,15
"477","2011",2012-12-01,10
"478","2012",2012-12-01,2
"479","2013",2012-12-01,0
"480","2014",2012-12-01,0
"481","1994",2013-01-01,0
"482","1996",2013-01-01,0
"483","1997",2013-01-01,15
"484","1998",2013-01-01,74
"485","1999",2013-01-01,138
"486","2000",2013-01-01,142
"487","2001",2013-01-01,122
"488","2002",2013-01-01,78
"489","2003",2013-01-01,78
"490","2004",2013-01-01,86
"491","2005",2013-01-01,63
"492","2006",2013-01-01,94
"493","2007",2013-01-01,52
"494","2008",2013-01-01,29
"495","2009",2013-01-01,31
"496","2010",2013-01-01,38
"497","2011",2013-01-01,11
"498","2012",2013-01-01,6
"499","2013",2013-01-01,0
"500","2014",2013-01-01,0
"501","1994",2013-02-01,0
"502","1996",2013-02-01,0
"503","1997",2013-02-01,10
"504","1998",2013-02-01,72
"505","1999",2013-02-01,117
"506","2000",2013-02-01,125
"507","2001",2013-02-01,105
"508","2002",2013-02-01,65
"509","2003",2013-02-01,61
"510","2004",2013-02-01,112
"511","2005",2013-02-01,113
"512","2006",2013-02-01,74
"513","2007",2013-02-01,42
"514","2008",2013-02-01,44
"515","2009",2013-02-01,23
"516","2010",2013-02-01,20
"517","2011",2013-02-01,16
"518","2012",2013-02-01,6
"519","2013",2013-02-01,0
"520","2014",2013-02-01,0
"521","1994",2013-03-01,0
"522","1996",2013-03-01,0
"523","1997",2013-03-01,11
"524","1998",2013-03-01,74
"525","1999",2013-03-01,92
"526","2000",2013-03-01,92
"527","2001",2013-03-01,92
"528","2002",2013-03-01,54
"529","2003",2013-03-01,71
"530","2004",2013-03-01,55
"531","2005",2013-03-01,59
"532","2006",2013-03-01,82
"533","2007",2013-03-01,38
"534","2008",2013-03-01,26
"535","2009",2013-03-01,13
"536","2010",2013-03-01,22
"537","2011",2013-03-01,17
"538","2012",2013-03-01,4
"539","2013",2013-03-01,0
"540","2014",2013-03-01,0
"541","1994",2013-04-01,0
"542","1996",2013-04-01,0
"543","1997",2013-04-01,13
"544","1998",2013-04-01,91
"545","1999",2013-04-01,115
"546","2000",2013-04-01,129
"547","2001",2013-04-01,103
"548","2002",2013-04-01,77
"549","2003",2013-04-01,80
"550","2004",2013-04-01,84
"551","2005",2013-04-01,77
"552","2006",2013-04-01,87
"553","2007",2013-04-01,70
"554","2008",2013-04-01,39
"555","2009",2013-04-01,33
"556","2010",2013-04-01,37
"557","2011",2013-04-01,20
"558","2012",2013-04-01,9
"559","2013",2013-04-01,0
"560","2014",2013-04-01,0
"561","1994",2013-05-01,0
"562","1996",2013-05-01,0
"563","1997",2013-05-01,17
"564","1998",2013-05-01,65
"565","1999",2013-05-01,107
"566","2000",2013-05-01,104
"567","2001",2013-05-01,92
"568","2002",2013-05-01,53
"569","2003",2013-05-01,48
"570","2004",2013-05-01,58
"571","2005",2013-05-01,52
"572","2006",2013-05-01,57
"573","2007",2013-05-01,46
"574","2008",2013-05-01,29
"575","2009",2013-05-01,19
"576","2010",2013-05-01,21
"577","2011",2013-05-01,14
"578","2012",2013-05-01,8
"579","2013",2013-05-01,0
"580","2014",2013-05-01,0
"581","1994",2013-06-01,0
"582","1996",2013-06-01,0
"583","1997",2013-06-01,12
"584","1998",2013-06-01,58
"585","1999",2013-06-01,93
"586","2000",2013-06-01,132
"587","2001",2013-06-01,114
"588","2002",2013-06-01,94
"589","2003",2013-06-01,97
"590","2004",2013-06-01,77
"591","2005",2013-06-01,85
"592","2006",2013-06-01,92
"593","2007",2013-06-01,69
"594","2008",2013-06-01,43
"595","2009",2013-06-01,29
"596","2010",2013-06-01,32
"597","2011",2013-06-01,25
"598","2012",2013-06-01,9
"599","2013",2013-06-01,0
"600","2014",2013-06-01,0
"601","1994",2013-07-01,0
"602","1996",2013-07-01,0
"603","1997",2013-07-01,14
"604","1998",2013-07-01,87
"605","1999",2013-07-01,122
"606","2000",2013-07-01,165
"607","2001",2013-07-01,121
"608","2002",2013-07-01,88
"609","2003",2013-07-01,78
"610","2004",2013-07-01,93
"611","2005",2013-07-01,92
"612","2006",2013-07-01,95
"613","2007",2013-07-01,48
"614","2008",2013-07-01,36
"615","2009",2013-07-01,27
"616","2010",2013-07-01,36
"617","2011",2013-07-01,23
"618","2012",2013-07-01,19
"619","2013",2013-07-01,2
"620","2014",2013-07-01,0
"621","1994",2013-08-01,0
"622","1996",2013-08-01,0
"623","1997",2013-08-01,15
"624","1998",2013-08-01,85
"625","1999",2013-08-01,107
"626","2000",2013-08-01,117
"627","2001",2013-08-01,128
"628","2002",2013-08-01,69
"629","2003",2013-08-01,80
"630","2004",2013-08-01,100
"631","2005",2013-08-01,73
"632","2006",2013-08-01,90
"633","2007",2013-08-01,63
"634","2008",2013-08-01,38
"635","2009",2013-08-01,37
"636","2010",2013-08-01,40
"637","2011",2013-08-01,21
"638","2012",2013-08-01,15
"639","2013",2013-08-01,3
"640","2014",2013-08-01,0
"641","1994",2013-09-01,0
"642","1996",2013-09-01,0
"643","1997",2013-09-01,12
"644","1998",2013-09-01,79
"645","1999",2013-09-01,141
"646","2000",2013-09-01,122
"647","2001",2013-09-01,105
"648","2002",2013-09-01,90
"649","2003",2013-09-01,85
"650","2004",2013-09-01,110
"651","2005",2013-09-01,97
"652","2006",2013-09-01,80
"653","2007",2013-09-01,54
"654","2008",2013-09-01,30
"655","2009",2013-09-01,25
"656","2010",2013-09-01,25
"657","2011",2013-09-01,30
"658","2012",2013-09-01,16
"659","2013",2013-09-01,1
"660","2014",2013-09-01,0
"661","1994",2013-10-01,0
"662","1996",2013-10-01,0
"663","1997",2013-10-01,22
"664","1998",2013-10-01,111
"665","1999",2013-10-01,159
"666","2000",2013-10-01,162
"667","2001",2013-10-01,116
"668","2002",2013-10-01,103
"669","2003",2013-10-01,95
"670","2004",2013-10-01,95
"671","2005",2013-10-01,110
"672","2006",2013-10-01,123
"673","2007",2013-10-01,76
"674","2008",2013-10-01,49
"675","2009",2013-10-01,51
"676","2010",2013-10-01,38
"677","2011",2013-10-01,40
"678","2012",2013-10-01,17
"679","2013",2013-10-01,8
"680","2014",2013-10-01,0
"681","1994",2013-11-01,0
"682","1996",2013-11-01,0
"683","1997",2013-11-01,18
"684","1998",2013-11-01,74
"685","1999",2013-11-01,140
"686","2000",2013-11-01,139
"687","2001",2013-11-01,108
"688","2002",2013-11-01,101
"689","2003",2013-11-01,89
"690","2004",2013-11-01,105
"691","2005",2013-11-01,76
"692","2006",2013-11-01,103
"693","2007",2013-11-01,56
"694","2008",2013-11-01,43
"695","2009",2013-11-01,39
"696","2010",2013-11-01,37
"697","2011",2013-11-01,33
"698","2012",2013-11-01,13
"699","2013",2013-11-01,6
"700","2014",2013-11-01,0
"701","1994",2013-12-01,0
"702","1996",2013-12-01,0
"703","1997",2013-12-01,12
"704","1998",2013-12-01,91
"705","1999",2013-12-01,116
"706","2000",2013-12-01,162
"707","2001",2013-12-01,131
"708","2002",2013-12-01,110
"709","2003",2013-12-01,105
"710","2004",2013-12-01,90
"711","2005",2013-12-01,78
"712","2006",2013-12-01,90
"713","2007",2013-12-01,72
"714","2008",2013-12-01,40
"715","2009",2013-12-01,35
"716","2010",2013-12-01,28
"717","2011",2013-12-01,29
"718","2012",2013-12-01,22
"719","2013",2013-12-01,10
"720","2014",2013-12-01,0
"721","1994",2014-01-01,0
"722","1996",2014-01-01,0
"723","1997",2014-01-01,17
"724","1998",2014-01-01,64
"725","1999",2014-01-01,142
"726","2000",2014-01-01,102
"727","2001",2014-01-01,98
"728","2002",2014-01-01,75
"729","2003",2014-01-01,89
"730","2004",2014-01-01,108
"731","2005",2014-01-01,73
"732","2006",2014-01-01,86
"733","2007",2014-01-01,65
"734","2008",2014-01-01,29
"735","2009",2014-01-01,39
"736","2010",2014-01-01,35
"737","2011",2014-01-01,48
"738","2012",2014-01-01,30
"739","2013",2014-01-01,29
"740","2014",2014-01-01,0
"741","1994",2014-02-01,0
"742","1996",2014-02-01,0
"743","1997",2014-02-01,4
"744","1998",2014-02-01,62
"745","1999",2014-02-01,105
"746","2000",2014-02-01,92
"747","2001",2014-02-01,92
"748","2002",2014-02-01,64
"749","2003",2014-02-01,63
"750","2004",2014-02-01,77
"751","2005",2014-02-01,62
"752","2006",2014-02-01,50
"753","2007",2014-02-01,49
"754","2008",2014-02-01,31
"755","2009",2014-02-01,21
"756","2010",2014-02-01,19
"757","2011",2014-02-01,24
"758","2012",2014-02-01,12
"759","2013",2014-02-01,8
"760","2014",2014-02-01,0
"761","1994",2014-03-01,0
"762","1996",2014-03-01,0
"763","1997",2014-03-01,6
"764","1998",2014-03-01,65
"765","1999",2014-03-01,130
"766","2000",2014-03-01,110
"767","2001",2014-03-01,122
"768","2002",2014-03-01,84
"769","2003",2014-03-01,64
"770","2004",2014-03-01,100
"771","2005",2014-03-01,75
"772","2006",2014-03-01,80
"773","2007",2014-03-01,53
"774","2008",2014-03-01,35
"775","2009",2014-03-01,21
"776","2010",2014-03-01,21
"777","2011",2014-03-01,26
"778","2012",2014-03-01,25
"779","2013",2014-03-01,24
"780","2014",2014-03-01,0
"781","1994",2014-04-01,1
"782","1996",2014-04-01,1
"783","1997",2014-04-01,15
"784","1998",2014-04-01,119
"785","1999",2014-04-01,210
"786","2000",2014-04-01,166
"787","2001",2014-04-01,121
"788","2002",2014-04-01,96
"789","2003",2014-04-01,114
"790","2004",2014-04-01,113
"791","2005",2014-04-01,125
"792","2006",2014-04-01,144
"793","2007",2014-04-01,86
"794","2008",2014-04-01,53
"795","2009",2014-04-01,55
"796","2010",2014-04-01,32
"797","2011",2014-04-01,32
"798","2012",2014-04-01,22
"799","2013",2014-04-01,21
"800","2014",2014-04-01,0
"801","1994",2014-05-01,0
"802","1996",2014-05-01,1
"803","1997",2014-05-01,13
"804","1998",2014-05-01,79
"805","1999",2014-05-01,112
"806","2000",2014-05-01,110
"807","2001",2014-05-01,124
"808","2002",2014-05-01,79
"809","2003",2014-05-01,82
"810","2004",2014-05-01,89
"811","2005",2014-05-01,99
"812","2006",2014-05-01,82
"813","2007",2014-05-01,68
"814","2008",2014-05-01,37
"815","2009",2014-05-01,43
"816","2010",2014-05-01,32
"817","2011",2014-05-01,28
"818","2012",2014-05-01,17
"819","2013",2014-05-01,24
"820","2014",2014-05-01,0
"821","1994",2014-06-01,0
"822","1996",2014-06-01,0
"823","1997",2014-06-01,5
"824","1998",2014-06-01,73
"825","1999",2014-06-01,134
"826","2000",2014-06-01,146
"827","2001",2014-06-01,123
"828","2002",2014-06-01,87
"829","2003",2014-06-01,108
"830","2004",2014-06-01,98
"831","2005",2014-06-01,106
"832","2006",2014-06-01,93
"833","2007",2014-06-01,58
"834","2008",2014-06-01,46
"835","2009",2014-06-01,30
"836","2010",2014-06-01,35
"837","2011",2014-06-01,34
"838","2012",2014-06-01,21
"839","2013",2014-06-01,13
"840","2014",2014-06-01,0
"841","1994",2014-07-01,0
"842","1996",2014-07-01,2
"843","1997",2014-07-01,13
"844","1998",2014-07-01,85
"845","1999",2014-07-01,166
"846","2000",2014-07-01,158
"847","2001",2014-07-01,117
"848","2002",2014-07-01,103
"849","2003",2014-07-01,91
"850","2004",2014-07-01,105
"851","2005",2014-07-01,78
"852","2006",2014-07-01,103
"853","2007",2014-07-01,67
"854","2008",2014-07-01,44
"855","2009",2014-07-01,47
"856","2010",2014-07-01,42
"857","2011",2014-07-01,34
"858","2012",2014-07-01,31
"859","2013",2014-07-01,14
"860","2014",2014-07-01,1
"861","1994",2014-08-01,0
"862","1996",2014-08-01,0
"863","1997",2014-08-01,9
"864","1998",2014-08-01,79
"865","1999",2014-08-01,138
"866","2000",2014-08-01,144
"867","2001",2014-08-01,103
"868","2002",2014-08-01,97
"869","2003",2014-08-01,112
"870","2004",2014-08-01,110
"871","2005",2014-08-01,91
"872","2006",2014-08-01,97
"873","2007",2014-08-01,60
"874","2008",2014-08-01,36
"875","2009",2014-08-01,36
"876","2010",2014-08-01,34
"877","2011",2014-08-01,37
"878","2012",2014-08-01,19
"879","2013",2014-08-01,15
"880","2014",2014-08-01,1
"881","1994",2014-09-01,0
"882","1996",2014-09-01,0
"883","1997",2014-09-01,10
"884","1998",2014-09-01,72
"885","1999",2014-09-01,117
"886","2000",2014-09-01,175
"887","2001",2014-09-01,96
"888","2002",2014-09-01,111
"889","2003",2014-09-01,115
"890","2004",2014-09-01,130
"891","2005",2014-09-01,101
"892","2006",2014-09-01,112
"893","2007",2014-09-01,92
"894","2008",2014-09-01,41
"895","2009",2014-09-01,59
"896","2010",2014-09-01,45
"897","2011",2014-09-01,32
"898","2012",2014-09-01,21
"899","2013",2014-09-01,25
"900","2014",2014-09-01,2
"901","1994",2014-10-01,0
"902","1996",2014-10-01,1
"903","1997",2014-10-01,8
"904","1998",2014-10-01,70
"905","1999",2014-10-01,126
"906","2000",2014-10-01,104
"907","2001",2014-10-01,119
"908","2002",2014-10-01,81
"909","2003",2014-10-01,95
"910","2004",2014-10-01,88
"911","2005",2014-10-01,77
"912","2006",2014-10-01,80
"913","2007",2014-10-01,45
"914","2008",2014-10-01,47
"915","2009",2014-10-01,29
"916","2010",2014-10-01,51
"917","2011",2014-10-01,26
"918","2012",2014-10-01,30
"919","2013",2014-10-01,18
"920","2014",2014-10-01,3
"921","1994",2014-11-01,0
"922","1996",2014-11-01,0
"923","1997",2014-11-01,7
"924","1998",2014-11-01,59
"925","1999",2014-11-01,123
"926","2000",2014-11-01,92
"927","2001",2014-11-01,121
"928","2002",2014-11-01,64
"929","2003",2014-11-01,107
"930","2004",2014-11-01,132
"931","2005",2014-11-01,100
"932","2006",2014-11-01,120
"933","2007",2014-11-01,41
"934","2008",2014-11-01,34
"935","2009",2014-11-01,22
"936","2010",2014-11-01,35
"937","2011",2014-11-01,43
"938","2012",2014-11-01,27
"939","2013",2014-11-01,33
"940","2014",2014-11-01,4
"941","1994",2014-12-01,0
"942","1996",2014-12-01,0
"943","1997",2014-12-01,10
"944","1998",2014-12-01,82
"945","1999",2014-12-01,137
"946","2000",2014-12-01,150
"947","2001",2014-12-01,124
"948","2002",2014-12-01,76
"949","2003",2014-12-01,95
"950","2004",2014-12-01,101
"951","2005",2014-12-01,69
"952","2006",2014-12-01,89
"953","2007",2014-12-01,53
"954","2008",2014-12-01,33
"955","2009",2014-12-01,33
"956","2010",2014-12-01,55
"957","2011",2014-12-01,44
"958","2012",2014-12-01,31
"959","2013",2014-12-01,24
"960","2014",2014-12-01,10
