PatentID,Citations
5764899,324
6587127,247
5867478,223
6269336,206
6141341,205
6829475,205
6810323,201
5771353,194
6526275,185
6101531,182
6526581,179
7412077,177
6377810,177
5917830,174
6731940,171
6107920,171
5745116,161
6184651,160
6157630,159
5958006,154
6374177,153
6009336,153
6725022,153
6212550,152
5738583,148
6728531,147
6885874,145
6206293,142
5834756,140
6233559,134
6331972,134
6456852,130
6748195,129
6757544,123
6889385,121
6265977,120
6043707,119
6658272,117
6434159,115
5870030,115
6493875,112
6640184,111
6058106,110
5948066,110
6505049,108
5991447,108
6421602,105
6993327,103
6668046,101
6052563,101
6246862,100
7050419,100
7035270,100
6895238,99
5894320,98
5777903,98
6980596,98
5781226,97
6223291,95
5928330,95
6756882,94
6049821,92
7243163,89
5909183,89
6927728,89
5952942,88
5982445,88
6542466,88
7970350,87
5740534,86
6522352,86
5999826,85
6799201,84
6169538,82
6212470,82
6609004,80
6005980,80
5786727,79
6832259,79
6859503,79
7593714,79
6052600,78
6606483,78
6463534,78
7113997,77
6701160,77
6173181,76
5903558,76
5982327,76
6061449,76
6057884,75
6657595,74
6970926,74
5768527,72
6647061,72
5974184,71
6449465,71
5663748,71
6625621,70
5963012,70
6888811,70
5943624,70
7181170,69
7519042,69
5815507,69
6160489,69
5974054,69
7136909,68
6086395,67
6567745,67
7231206,67
7139328,67
6572830,66
5832223,66
5757229,66
6349216,66
7962622,66
7159120,66
7042879,65
6175588,65
5966120,65
6539359,64
6216086,64
6807529,64
5699365,64
6801159,64
5705995,62
6690655,61
6879584,61
7057607,61
5893132,61
7215976,61
6999782,60
5886736,60
6564047,60
5880633,60
6426983,60
6791995,60
6944540,60
6577877,59
6756938,59
6965754,59
6067457,59
6484033,58
7085542,58
7006616,58
6487180,58
6920171,58
6744740,58
6018764,58
7043226,58
5729219,58
6486874,57
6912581,57
5982411,57
5771239,57
6912395,56
6334063,56
5950131,56
6105006,56
6867734,56
5945948,56
6762723,56
6324184,55
6640087,55
6957073,55
6741842,55
6337983,54
6307846,54
6882709,54
6128007,54
8270972,54
6865384,53
6011784,53
6512922,53
6130518,53
6980816,53
6404764,53
6160449,52
6078611,52
5675344,52
6493671,52
6038263,52
6141541,52
8520589,52
7016319,52
6014102,52
6385583,52
7039048,52
7062556,52
5850594,51
6839070,51
6009173,51
5774827,51
6751464,51
5862480,51
6588015,51
7013143,51
6344727,50
5949948,50
7271569,50
6345307,49
7221945,49
6160545,49
6834183,49
6131013,49
6041314,49
7509649,49
5877821,49
5956088,49
5862451,48
6072831,48
6167084,48
6259733,48
6011699,48
6157253,48
7190956,48
5982363,48
6084967,47
6754504,47
5892769,47
5751378,47
8463232,47
5883580,47
6434197,46
6226612,46
5826188,46
5901346,46
6922170,46
6381467,46
7043208,46
6487721,45
7248645,45
6671525,45
6008636,45
5867230,45
6700867,45
6643541,45
7062261,44
5936464,44
6665521,44
5859522,44
6173005,44
6801642,44
5809059,44
6285681,44
6765536,44
7120926,44
7200112,44
6151497,43
6208871,43
6993342,43
7212111,43
6970127,43
7508842,43
6091959,43
5956729,43
7231516,43
6080690,42
6466804,42
5956626,42
6438109,42
6069886,42
5886575,42
7089577,42
6704046,42
7272564,42
6069896,41
6487252,41
6208637,41
6912507,41
5838740,41
6307901,41
6060997,41
6313787,41
7003464,40
6882971,40
5905407,40
6215474,40
6175740,40
6285786,40
6016312,40
6987819,40
6374092,40
7751826,40
6108558,40
6668169,40
7165112,40
6429808,40
6085074,39
6097252,39
6330459,39
6934275,39
6678740,39
6701162,39
5940076,39
6850503,39
6085252,38
6173330,38
5802044,38
6956893,38
7287097,38
6363249,38
6141393,38
6268077,38
6211819,38
6321073,38
5877812,38
6605454,38
6112074,38
6138034,38
6434381,37
6295606,37
6700441,37
6088337,37
5739723,37
7099389,37
6549789,37
6668173,37
7242722,37
6591095,37
6842621,37
6317755,37
5854571,37
6028485,37
6084968,37
5901142,37
6163701,37
7331793,36
6857132,36
6526349,36
6256504,36
6983370,36
7126996,36
7405703,36
6259741,36
6026086,36
5999046,36
6771657,35
6556814,35
6175587,35
7724707,35
5940400,35
5710998,35
6009325,35
6847311,35
6686931,35
7599327,35
6171138,35
6034950,35
7076528,35
6122270,35
6191738,35
6125279,35
7940740,35
6977675,35
6807317,35
5982819,35
6661409,34
6331817,34
5774802,34
6493673,34
7224970,34
6272219,34
6317411,34
5956490,34
5953669,34
6529804,34
5828660,34
7110455,34
6040781,34
5867510,34
7315967,33
6141564,33
7623447,33
6978136,33
6904550,33
6807563,33
6996227,33
7443316,33
7095707,33
5922047,33
7095403,33
6441754,33
6658000,33
5946356,33
6192256,33
6263209,33
6898567,33
6498358,33
6834384,33
6282189,33
6459892,32
5896575,32
6233235,32
6043838,32
6256393,32
6909707,32
6018299,32
5637418,32
6134223,32
6300864,32
6744766,32
5703877,32
6141542,32
6104317,32
6313732,31
6940407,31
6429811,31
6378073,31
6633653,31
7466859,31
6141011,31
7254405,31
6438360,31
6108314,31
7321780,31
6122014,30
6741554,30
6987888,30
6055333,30
5857155,30
7085576,30
7027838,30
6208839,30
6459440,30
6937617,30
5842162,30
6298233,30
6308294,30
6973332,30
6822946,30
6834043,29
6999759,29
6011579,29
6424623,29
6532593,29
5983092,29
7262724,29
5751813,29
7149521,29
7177475,29
6984516,29
7202825,29
6529525,29
6699611,29
6311167,29
7039432,28
7457588,28
5696765,28
8031583,28
5705955,28
6958984,28
6834265,28
5953413,28
6038457,28
5886993,28
6127058,28
6441786,28
5901347,28
6282183,28
5884266,28
6020878,28
6643512,28
6710578,27
5883886,27
7154468,27
5892910,27
5744258,27
5790607,27
6269402,27
5974447,27
7143333,27
7243366,27
6014376,27
5809538,27
6948183,27
5991618,27
5949827,27
6192253,27
6424743,27
5893024,27
6480096,27
6246327,27
6346911,26
6366302,26
5689413,26
6141540,26
6212393,26
5872777,26
5675287,26
6683916,26
6236960,26
6404743,26
6233231,26
6992580,26
6323849,26
7047006,26
6792293,26
5799256,26
6466938,26
6182038,26
6625470,26
6493629,26
5745695,26
5987518,26
6133850,26
6401242,26
6259491,26
7007296,26
5781583,25
5933330,25
6660427,25
6363139,25
6240100,25
6529488,25
6212414,25
6385462,25
6505058,25
6927432,25
6904097,25
6175273,25
6314519,25
7283845,25
7085246,25
6298135,25
5724004,25
7076428,25
6275693,25
6012634,25
6496709,25
6795768,25
6754475,25
6275500,25
5656917,25
6876543,25
5859594,25
5867140,25
7389235,25
6411946,25
6011510,25
5850611,25
5694120,24
6836212,24
6662154,24
6505055,24
7640373,24
6978474,24
7239867,24
6314095,24
5901344,24
5862452,24
6281748,24
7158678,24
7003275,24
6934299,24
5966667,24
6157669,24
5740532,24
6157814,24
6728965,24
7142852,24
6839841,24
5661433,24
6339612,24
5924044,23
5946346,23
7243134,23
6690723,23
7466665,23
6725043,23
6643327,23
6091969,23
7308035,23
5652616,23
7155483,23
6829313,23
6134237,23
7626612,23
6228440,23
7269152,23
6219840,23
6067324,23
6342774,23
6836806,23
6529520,23
6529144,23
6385242,23
6968508,23
6470317,23
7426175,23
6463382,23
6070089,23
6563427,23
6272333,22
5948562,22
7675970,22
6130613,22
7070349,22
6889212,22
6052064,22
6031467,22
6212391,22
6049707,22
6570922,22
6885708,22
5862140,22
6232970,22
6253063,22
5910944,22
5999821,22
6735435,22
6898285,22
6987738,22
6643707,22
7356000,22
6167268,22
6775536,22
6937602,22
6114968,22
7333062,22
6973030,22
6275611,21
6984816,21
6810525,21
7676583,21
6006017,21
5835730,21
7230550,21
7418007,21
6310634,21
5774857,21
6799038,21
6009323,21
7053799,21
6275536,21
6173431,21
6842170,21
6091332,21
7221722,21
6252867,21
5784001,21
6269254,21
6112244,21
6236664,21
7020165,21
7197331,21
RE38563,21
6710518,21
7468573,21
6138010,20
6373829,20
6972542,20
5907615,20
6885638,20
6148183,20
6804518,20
6917182,20
7020175,20
7957360,20
8194572,20
7023871,20
6363349,20
6865347,20
6493388,20
6470180,20
6483874,20
6009086,20
5661635,20
6185266,20
7058407,20
5930288,20
6018671,20
6151318,20
6161207,20
6791945,20
7415041,20
6094565,20
6353359,20
6242979,20
5848357,20
6005498,20
5960350,20
6904460,20
7302468,20
5881069,20
6421347,19
6347228,19
6044090,19
6954649,19
6246676,19
6925501,19
6377161,19
7347781,19
6958759,19
7213062,19
6493556,19
5940452,19
7218943,19
5745867,19
5771229,19
7098897,19
7834853,19
7129854,19
6785395,19
6882856,19
6771666,19
6732270,19
6138040,19
7117009,19
5954817,19
6018360,19
6950796,19
7848241,18
6356961,18
6563868,18
7380022,18
7139806,18
5793866,18
7999660,18
6122271,18
6192029,18
6012063,18
6766353,18
6668043,18
7461106,18
7512110,18
6735562,18
7433649,18
7130359,18
6912195,18
5796777,18
5745203,18
6999467,18
6321070,18
7660353,18
6046402,18
6052562,18
5896379,18
6509659,18
6687259,18
6628711,18
6880170,18
6205326,18
6157545,18
7403838,18
6134226,18
6072778,18
6278723,18
8351536,18
6094428,17
6729547,17
7801527,17
5758264,17
6477372,17
6078809,17
6384727,17
7139237,17
6959170,17
6757337,17
6600928,17
6195342,17
7098666,17
6091759,17
6995751,17
6671852,17
6285899,17
6490256,17
6862433,17
7061879,17
6167235,17
6583765,17
5742623,17
6078126,17
7088220,17
6125278,17
6466611,17
7519359,17
6758303,17
7844265,17
7107018,17
6104709,17
5815804,17
7092568,17
7043249,17
6137802,17
6704572,17
6091757,17
5940381,17
6009130,16
7138977,16
7400856,16
6134268,16
6366880,16
6073092,16
6580754,16
5940756,16
6002937,16
7539466,16
6112100,16
6721267,16
7277726,16
6389287,16
6792534,16
6011800,16
7049941,16
6311306,16
8204446,16
8077154,16
6166787,16
6169731,16
6049192,16
6940820,16
7818792,16
6915530,16
6732218,16
6633839,16
6084904,16
5893044,16
7657434,16
6040683,16
7986983,16
7176838,16
7062246,16
7536454,16
6529746,16
6463142,16
6041241,16
7016855,16
5697793,16
5724509,16
5926503,16
5945772,16
5963876,16
5903844,16
5894500,15
6879998,15
5869204,15
7237108,15
6983026,15
6374100,15
7343548,15
6774796,15
5901357,15
6144651,15
6104512,15
5898831,15
7089344,15
6018651,15
6453291,15
6497975,15
6720864,15
7164893,15
6606359,15
6920119,15
6128287,15
7633449,15
7277453,15
8000254,15
5966384,15
7398100,15
7239650,15
6080501,15
6782208,15
6600369,15
6185429,15
7742777,15
5793213,15
6952574,15
6064269,15
6769091,15
6915312,15
7437013,15
7073041,15
6038549,15
6170005,15
6889067,15
6901117,15
5851692,15
6889045,15
6758404,15
6858436,15
5926104,14
6731613,14
6304763,14
6487407,14
6115388,14
7475393,14
6658232,14
8060012,14
6240303,14
5963848,14
6363246,14
7414989,14
5856766,14
5732387,14
6023615,14
6675022,14
6671849,14
7181223,14
6154485,14
6822611,14
5930299,14
7136482,14
7230930,14
5926501,14
6217623,14
8018893,14
6624726,14
6658268,14
7047050,14
6157631,14
7274683,14
5716725,14
5931513,14
6005848,14
6352434,14
7188026,14
6351656,14
6718374,14
5983082,14
7181667,14
7110766,14
7526451,14
7590100,14
6569553,14
7630705,14
7064706,14
5771461,14
6934568,14
6741873,14
6408436,14
5790545,14
6400755,14
5815407,14
7933571,14
5809020,14
6327300,13
8037541,13
6034971,13
6625425,13
6292781,13
6631127,13
6223030,13
5640166,13
6151572,13
5857173,13
7103782,13
6687486,13
7634688,13
6300835,13
6434366,13
5849433,13
5787130,13
6615267,13
6018667,13
6262629,13
6768908,13
6115620,13
6731684,13
7206854,13
5799012,13
5745481,13
7164930,13
6347882,13
6185433,13
6473631,13
5867060,13
6498667,13
6104808,13
6483913,13
7590092,13
6959050,13
6018521,13
6092041,13
6765905,13
6321197,13
6400720,13
7706249,13
8102802,13
6574487,13
7593718,13
5920576,13
6653816,13
6553021,13
7266198,13
8073062,13
6128735,13
7451312,13
7065068,13
7242929,13
5877633,13
6411815,13
6016107,13
7929921,13
6882677,12
7042855,12
7007064,12
6423434,12
6252862,12
7339636,12
5959693,12
7148789,12
7082290,12
7804770,12
6978165,12
6862460,12
6449312,12
5732350,12
7412149,12
6671882,12
6044260,12
7447765,12
5694438,12
7197291,12
7266101,12
7876697,12
7672310,12
7180875,12
5768319,12
6754169,12
6925064,12
7260394,12
6496794,12
7451009,12
6081600,12
7848438,12
6052561,12
6084468,12
7639131,12
5855003,12
7242932,12
5815807,12
5988577,12
6021332,12
6766182,12
8255698,12
7823155,12
6304558,12
7031344,12
7653422,12
5754659,12
7068230,12
6075484,12
6994575,12
6967576,12
7624357,12
6219540,12
7616654,12
6201955,12
6252455,12
6138011,12
7272190,12
6308079,12
5878045,12
7313811,12
6289377,12
6148208,12
5659622,12
6125286,12
7729696,12
7012563,12
6901603,12
6304581,12
6850285,12
7548558,12
7026789,12
7738907,11
6804782,11
6167275,11
6492792,11
5940799,11
6047066,11
6009091,11
7035731,11
7181689,11
6418149,11
5862453,11
6148211,11
6053743,11
7492752,11
5991800,11
6068946,11
6443340,11
7069027,11
6438114,11
6058107,11
5935220,11
6088569,11
7139586,11
6813778,11
6785321,11
5712593,11
6359392,11
7397803,11
6765966,11
5949795,11
6836249,11
6148064,11
6504494,11
6214487,11
5996110,11
7069211,11
7282891,11
6176401,11
6990081,11
6055413,11
7852838,11
6819256,11
6275488,11
7398453,11
6465119,11
D678232,11
5990806,11
5842127,11
6215360,11
6039608,11
5768103,11
6289220,11
6389389,11
6927763,11
7313198,11
6421016,11
7108914,11
7242923,11
7499700,11
6941149,11
6665283,11
7519830,11
5893036,11
6438519,11
6349314,11
6016422,11
6011909,11
6965763,11
6178327,11
5812527,11
5842122,11
7158482,11
6603406,11
8121552,11
6144186,11
6734898,11
6425133,11
6188979,11
6636745,11
6253223,11
7643817,11
7310379,11
6956544,11
7428229,11
6922432,11
8195233,11
6330285,11
7212809,11
6519239,11
7471734,11
6927747,11
6289129,11
6222880,11
7071814,11
7561553,10
7672381,10
6667769,10
7493117,10
5825762,10
6453045,10
5881370,10
7616610,10
7084815,10
5970058,10
5987024,10
7085544,10
7130610,10
5920549,10
6904611,10
6041048,10
6937874,10
6978022,10
7825901,10
6308077,10
7746836,10
6997379,10
7072309,10
7133672,10
7653383,10
7375730,10
6006068,10
7236477,10
7138979,10
6298082,10
7500198,10
5854785,10
6487184,10
7472247,10
6707272,10
7206847,10
6529748,10
6292573,10
7853857,10
7729433,10
5831479,10
7660986,10
5933558,10
6133657,10
6512776,10
8116612,10
7091911,10
5822314,10
6649852,10
7020394,10
6925128,10
6466126,10
D600667,10
7234119,10
6600450,10
6157679,10
6256494,10
7084877,10
7886355,10
5717307,10
7148764,10
D688222,10
6895254,10
6546101,10
7426382,10
6928726,10
6351653,10
6141387,10
6161018,10
7907671,10
7233916,10
6169802,10
6161015,10
7209462,10
6064894,10
7130511,10
6449305,10
7656842,10
7684813,10
5724001,10
7522675,10
7024207,10
6606557,10
7742697,10
7343313,10
8395587,10
7551372,10
6415252,10
6336091,10
6678523,10
7248842,10
6127802,10
6483851,10
5991262,10
6553060,10
6757269,10
6556817,10
5745848,10
5692019,10
7167710,10
6430408,10
6256008,9
5995840,9
8000305,9
6128763,9
7203897,9
5757367,9
6985138,9
7002938,9
5987018,9
6285282,9
8108830,9
6301265,9
7706443,9
7339909,9
6285682,9
7729366,9
7957772,9
7360446,9
7684341,9
7048556,9
6754908,9
7007203,9
5861777,9
5710975,9
5889791,9
6421607,9
6212382,9
7373013,9
6070072,9
7343283,9
6650995,9
7453219,9
7209755,9
7080397,9
7667371,9
7117019,9
6993335,9
6072987,9
6668164,9
7176980,9
6592272,9
6359838,9
7214999,9
6323804,9
6754854,9
6381477,9
7433653,9
7162740,9
6088340,9
6888806,9
7165205,9
7747257,9
7489930,9
6717950,9
7047005,9
7103337,9
5896054,9
6885645,9
7558587,9
6925123,9
6760602,9
6041045,9
7136680,9
6266513,9
6438381,9
8055256,9
7810105,9
6421379,9
7512795,9
6624742,9
6430405,9
7183844,9
6826388,9
7245935,9
7478416,9
5728181,9
6856628,9
6529728,9
7020215,9
6985733,9
7206044,9
5956390,9
6883050,9
7426194,9
6961569,9
6584301,9
7113771,9
7106814,9
7796639,9
7202878,9
7742771,9
6104991,9
6094423,9
7257430,9
7243149,9
7139246,9
6661371,9
6406808,9
7062240,9
7012970,9
6725021,9
6078571,9
5901354,9
6903743,9
6101175,9
6373433,9
7295813,9
6404811,9
6944186,8
6556131,8
5958572,8
7277457,8
7633389,8
7027398,8
7218666,8
6134450,8
5878098,8
7490345,8
7620175,8
7204156,8
6889049,8
5809421,8
6640012,8
6177907,8
6861989,8
6148203,8
D688221,8
5742610,8
6201968,8
6727016,8
7403165,8
5737369,8
7523035,8
7586990,8
6122283,8
6132048,8
6002676,8
7398091,8
5834972,8
5966651,8
5784585,8
5806023,8
5956641,8
6138042,8
7099294,8
6271837,8
7873338,8
8016192,8
6912406,8
7000173,8
8149144,8
7477699,8
7039115,8
6970817,8
7769353,8
6377792,8
6327299,8
7395048,8
6625810,8
6006079,8
6711380,8
5933062,8
7360957,8
5982351,8
7084737,8
6256493,8
5742597,8
7536186,8
7239898,8
6366601,8
6939641,8
6424637,8
8050686,8
6463275,8
5635151,8
6819083,8
6134446,8
7277731,8
7499973,8
5758293,8
7577441,8
7265720,8
6084546,8
6904081,8
6691028,8
6799062,8
6092111,8
7783952,8
5842130,8
6319631,8
6820126,8
5999522,8
6009552,8
6909761,8
6226403,8
5862488,8
5828295,8
6993652,8
7729298,8
6567663,8
7340221,8
6775541,8
6856657,8
6975881,8
5935209,8
6903724,8
6597890,8
6694149,8
6212385,8
6188904,8
7047310,8
7212789,8
7177819,8
5969508,8
7088294,8
5727026,8
6408176,8
6934561,8
5937351,8
7643832,8
5777984,8
5541019,8
5930268,7
6163765,7
6134121,7
6980811,7
6717520,7
6839576,7
5853916,7
7519365,7
6839542,7
7200190,7
6449264,7
6909741,7
7251820,7
7265724,7
6219703,7
6486733,7
6192247,7
5894498,7
6735423,7
7529379,7
6625503,7
6788929,7
RE38564,7
7558575,7
5681357,7
6944137,7
6389269,7
7310377,7
7889103,7
6081815,7
7076675,7
5910951,7
6078821,7
6219420,7
7158502,7
6169903,7
7200363,7
7336620,7
7317797,7
6157844,7
6901259,7
6907237,7
6434158,7
6766171,7
6748324,7
6048638,7
5710972,7
6650298,7
7784366,7
6896548,7
6486794,7
7002942,7
5794185,7
7240832,7
5892396,7
7876199,7
5751763,7
7548548,7
6144649,7
5627931,7
6351531,7
7373181,7
5889768,7
6978424,7
6198735,7
7702289,7
7792517,7
6879623,7
7436811,7
7394012,7
7095439,7
7106865,7
6387559,7
7965689,7
7689234,7
6097953,7
5631103,7
7652578,7
7079872,7
7468966,7
7620017,7
5809025,7
7048897,7
7072688,7
7423997,7
5831491,7
5742594,7
5644743,7
7106714,7
6038535,7
5881377,7
6798441,7
5812542,7
7634296,7
5812540,7
6658057,7
6353742,7
6646418,7
7187736,7
6622136,7
7729357,7
7136644,7
6980912,7
6128479,7
6049543,7
6990320,7
5943333,7
7050641,7
6356708,7
7269563,7
7920696,7
6721333,7
5914958,7
7271948,7
6373828,7
7342955,7
5612956,7
5710639,7
6526031,7
7363492,7
6823180,7
6493198,7
5675286,7
6996779,7
6895444,7
7676106,7
6952573,7
6289224,7
7068719,7
7333795,7
6789205,7
6724825,7
7479927,7
6327275,7
7365651,7
6153834,7
7343181,7
6978147,7
6850777,7
7668915,7
6625428,7
6980597,7
6360097,7
7684755,7
5715240,7
7054450,7
6660423,6
5974085,6
7693110,6
5806031,6
7409606,6
7054323,6
6747685,6
5697538,6
6944473,6
5966671,6
7307523,6
5945852,6
7911935,6
5625683,6
5737404,6
6948130,6
7133373,6
7050773,6
5898696,6
5832026,6
6226317,6
6618365,6
6141453,6
7787870,6
7395065,6
6771991,6
6099990,6
7170341,6
6480555,6
7979775,6
7763314,6
6208668,6
6836676,6
7187959,6
7257227,6
7596812,6
6104993,6
7386128,6
7395097,6
5818906,6
7177628,6
7020444,6
5859625,6
6134527,6
7209717,6
6794935,6
6108315,6
6223154,6
5886572,6
6134452,6
6132895,6
7487534,6
7092684,6
5648970,6
7328036,6
7199762,6
7675923,6
7773535,6
7421025,6
7283956,6
5873023,6
5764111,6
6711684,6
6850284,6
7430459,6
7194261,6
6002678,6
6484945,6
7451361,6
7027979,6
5723229,6
7003333,6
8139353,6
D636783,6
5764690,6
7117001,6
7181765,6
5972537,6
7196260,6
6278453,6
6650620,6
6839387,6
7742624,6
6570856,6
7912020,6
7310423,6
7415273,6
7050505,6
7228415,6
7046910,6
7164725,6
6151397,6
6592696,6
6665549,6
7817987,6
6947760,6
5828671,6
6023230,6
6865164,6
7690006,6
7088838,6
6169898,6
6044158,6
7103391,6
7088988,6
7106358,6
7446795,6
7023921,6
7457590,6
6898208,6
6192245,6
6854077,6
7046799,6
7928914,6
7924763,6
6453160,6
6511280,6
5905956,6
6044153,6
6721562,6
7062544,6
6862277,6
6216015,6
5959546,6
6477160,6
6732321,6
6058315,6
7089020,6
6067444,6
6055229,6
6697016,6
6049537,6
7430174,6
6643503,6
6417874,6
5800937,6
7028373,6
8036237,6
6327307,6
7190263,6
6097721,6
6678258,6
7110536,6
7130342,6
5710976,6
7697447,6
6904094,6
6452811,6
7171603,6
7272382,6
5966101,6
5854972,6
7831887,6
6285548,6
7784071,6
6983169,6
8412209,6
7920494,6
6469997,6
6628953,6
5745520,6
8327237,6
7933238,6
7697497,6
6584325,6
5945286,6
7469182,5
7188297,5
7443657,5
7729715,5
5969545,5
7019491,5
7929010,5
6154633,5
6553342,5
8165586,5
5905448,5
6934549,5
7113514,5
5946620,5
7697480,5
5982757,5
6564043,5
5999115,5
6577849,5
7895594,5
5946653,5
6134336,5
5665265,5
6631259,5
7426198,5
6332072,5
7921553,5
5832038,5
6249894,5
6917675,5
6549523,5
6137994,5
7688764,5
6259744,5
7509259,5
5761504,5
5745844,5
7822973,5
7031397,5
6377808,5
6571091,5
7155219,5
5912878,5
6157726,5
7640020,5
7705728,5
8126076,5
6615036,5
6976081,5
5929702,5
6501737,5
6434195,5
7564901,5
6327469,5
7840119,5
7076661,5
6696866,5
7642933,5
6269137,5
6452930,5
7080009,5
7961900,5
6169886,5
5987327,5
7490036,5
6333921,5
6888878,5
7242917,5
7627307,5
6427075,5
5916699,5
8007110,5
5818852,5
6842484,5
7239886,5
7453831,5
7024162,5
7352867,5
6542753,5
7436816,5
7499950,5
6452979,5
6574610,5
8116726,5
6798789,5
5930304,5
6931661,5
7555696,5
6570362,5
7102562,5
7460842,5
6993336,5
6798869,5
8151306,5
7106874,5
7231663,5
7239896,5
7286366,5
5716421,5
6122335,5
7496348,5
6603389,5
5974032,5
5987012,5
6031865,5
7482937,5
7805171,5
6140807,5
5648717,5
6922492,5
7031271,5
7529263,5
7983143,5
7471942,5
5987021,5
7788394,5
7280501,5
6452541,5
6228516,5
6141454,5
7873010,5
6067364,5
6160454,5
7126954,5
6697637,5
5835785,5
7787421,5
6035491,5
7212542,5
5930756,5
6072250,5
7505439,5
6785339,5
7269504,5
7330174,5
8045519,5
6119010,5
6430228,5
7907896,5
8243678,5
6285333,5
5959966,5
8019287,5
6691071,5
6094429,5
7366532,5
6085068,5
6959089,5
7231188,5
6385548,5
5913194,5
8107956,5
6754501,5
5999815,5
6088399,5
8145251,5
7184745,5
7251275,5
7013154,5
6944427,5
6223035,5
6108324,5
7239884,5
7024195,5
7197328,5
5942938,5
7580723,5
5822431,5
6937873,5
6377713,5
6049323,5
7295199,5
6359898,5
7203254,5
6922564,5
5966656,5
6078577,5
5754953,5
7450944,5
7315523,5
6590610,5
6961956,5
7174191,5
6694060,5
7076000,5
6584825,5
5920286,5
6735430,5
6914938,5
7190301,5
6100664,5
7676362,5
6661284,5
6925438,5
7689448,5
6157632,5
6904023,5
8046219,5
5872744,5
6137883,5
7738930,5
5842210,5
6218973,5
8205143,5
5777558,5
7912009,5
7751839,5
7873114,5
7765600,5
7106711,4
7873285,4
7283697,4
6061574,4
6689194,4
7152033,4
7873279,4
6388449,4
5872698,4
6690892,4
7082311,4
8537724,4
6088217,4
5818313,4
6992658,4
6163766,4
6025753,4
6823026,4
7024353,4
6347127,4
7298326,4
7801066,4
7272128,4
7786901,4
7065521,4
7345586,4
7898481,4
7539490,4
7324801,4
7489913,4
7054601,4
6442401,4
7142537,4
6425002,4
5847920,4
6847622,4
6670897,4
8437798,4
6662010,4
7747021,4
6135582,4
7142190,4
5832147,4
7834762,4
6026296,4
7016315,4
6515222,4
6788731,4
6169732,4
6519279,4
5818887,4
7505438,4
6822973,4
6714794,4
7366481,4
8229354,4
5929806,4
7899187,4
7035867,4
8351544,4
7194254,4
6131049,4
6934397,4
7228414,4
7266133,4
6141559,4
7130740,4
7768605,4
6858660,4
6559811,4
7099684,4
7467214,4
5884772,4
6295200,4
6586124,4
7152190,4
7535967,4
7817733,4
5939939,4
7602751,4
7607075,4
7633893,4
5740533,4
7874983,4
6704556,4
7133461,4
6862002,4
6985099,4
8054894,4
6246697,4
8295766,4
6169522,4
7333561,4
6341222,4
6944289,4
7519381,4
6908500,4
7570951,4
7623493,4
7116771,4
5917942,4
D693785,4
7336618,4
5801707,4
5710990,4
7451460,4
5930472,4
6978463,4
6834088,4
6791622,4
7016475,4
6917281,4
7016407,4
7558577,4
7120437,4
6282182,4
6792281,4
7187940,4
6104909,4
7003045,4
6278354,4
7477738,4
5970391,4
7464313,4
5949020,4
6650839,4
7738530,4
6967989,4
5905961,4
7843824,4
7321768,4
6185525,4
7684565,4
7304572,4
6130883,4
7025596,4
6590303,4
7516486,4
8130847,4
7821996,4
8031059,4
8204036,4
8430256,4
6110618,4
6999922,4
7479928,4
6850040,4
7003305,4
6144646,4
7764644,4
6829502,4
5670266,4
6885852,4
6816895,4
7601032,4
6065187,4
6907019,4
6160805,4
6215999,4
6108046,4
6157313,4
7564908,4
7787622,4
5747970,4
7223007,4
6104726,4
6782251,4
6914913,4
7603120,4
7187759,4
7085256,4
6769086,4
7129824,4
6763225,4
7242784,4
6735009,4
7177803,4
6560215,4
6914570,4
6567777,4
7792544,4
6754280,4
7983426,4
6178402,4
6836514,4
7877123,4
6667708,4
7773943,4
6026126,4
8194603,4
6771960,4
7680063,4
6995889,4
7065206,4
8107885,4
6148178,4
5631101,4
6828759,4
6069530,4
6545992,4
8422439,4
6781969,4
7170883,4
6915210,4
7729273,4
5754599,4
7315885,4
6104747,4
5881093,4
6198782,4
6766147,4
6525677,4
7492753,4
6289203,4
6128351,4
7853202,4
7190947,4
6104925,4
7657614,4
6987749,4
6696195,4
7680118,4
7489928,4
6182036,4
6310898,4
5925942,4
5913167,4
7480517,4
6031877,4
6724170,4
6937669,4
7076265,4
7351065,4
6901122,4
5987032,4
5838707,4
7778307,4
5759719,4
6944245,4
7890834,4
5920647,4
7102577,4
8255989,4
6125110,4
5956640,4
5960327,4
8145127,4
7590886,4
7193620,4
8037011,4
5974042,4
7262811,4
7281066,4
6791968,4
7730385,4
6639973,4
8320360,4
6175561,4
7260770,4
5699179,4
6996547,4
6924619,4
7907946,4
7333797,4
6115072,4
7174356,4
6097973,4
6114969,4
5998978,4
5822699,4
5797103,4
5801684,4
6141638,4
7298762,4
6104916,4
7046988,4
7653129,4
8077694,4
5744984,4
6873093,4
7319958,4
6980821,4
7917034,4
7388923,4
6894459,4
7400885,3
7552267,3
7463687,3
7809282,3
6414938,3
6583716,3
6999921,3
6198937,3
7668141,3
7809129,3
6233557,3
7600880,3
5911124,3
6198931,3
8300757,3
7853215,3
7801065,3
7672641,3
7105737,3
5864799,3
8320878,3
8051353,3
7177652,3
7181007,3
7676676,3
7135837,3
7769402,3
5940746,3
6571112,3
7064772,3
6876868,3
7991147,3
6014552,3
6594249,3
7126929,3
7460525,3
7324616,3
5949771,3
7978088,3
6256338,3
7082303,3
6160511,3
6625613,3
6084866,3
6125262,3
6560298,3
6002948,3
8554271,3
7031273,3
7664091,3
5781547,3
7599317,3
6661853,3
8135418,3
6348897,3
7590128,3
6503378,3
7068013,3
8259846,3
7401199,3
7451476,3
7388579,3
6980818,3
6760390,3
7408961,3
7220021,3
6487181,3
6043786,3
7301923,3
8537911,3
6869708,3
7310374,3
7085575,3
6088240,3
6996172,3
6980809,3
6000120,3
6125137,3
7957763,3
7672594,3
7539186,3
7054386,3
5959981,3
6640208,3
6185305,3
7705565,3
7817718,3
6385179,3
5991285,3
7406212,3
5767738,3
7054617,3
7031373,3
7058018,3
5883612,3
7706301,3
6255903,3
5821007,3
7580518,3
7502368,3
5837015,3
6151231,3
7092721,3
7673063,3
5809397,3
7683918,3
5696794,3
7746928,3
7688835,3
6101225,3
8340081,3
6164531,3
6188767,3
5805977,3
6972382,3
7209172,3
7983428,3
6765882,3
6600662,3
7571479,3
7369524,3
6393076,3
8009612,3
7006446,3
5905803,3
7542956,3
7061425,3
7646762,3
6043712,3
5999138,3
6853445,3
7548747,3
8208434,3
8304733,3
6081510,3
6842571,3
6639249,3
7606303,3
6356054,3
6633672,3
7821975,3
7492253,3
7920795,3
7076033,3
6304765,3
6094566,3
7168023,3
7911513,3
6144704,3
5986878,3
7103319,3
6192037,3
5940447,3
7366525,3
7146015,3
6824916,3
6117585,3
8265717,3
7653813,3
7031759,3
7315567,3
7499689,3
7616131,3
6868132,3
5573869,3
7684799,3
7792670,3
6137837,3
6943777,3
5867054,3
7653130,3
6822969,3
6933893,3
7424294,3
8170604,3
7634074,3
5943505,3
6778518,3
7050764,3
7962102,3
7450561,3
7742788,3
7117288,3
7202905,3
6980561,3
6826241,3
5904740,3
7404082,3
6397046,3
6453155,3
6374091,3
7570621,3
7116940,3
8374146,3
6898420,3
8312142,3
7231223,3
6963696,3
7546133,3
6389285,3
5977916,3
6797427,3
8380213,3
5854549,3
6865625,3
7610197,3
7305555,3
6865176,3
6369753,3
6873294,3
6623945,3
7290122,3
7609639,3
6291756,3
7058408,3
7295519,3
8379601,3
7477690,3
7277392,3
5778030,3
6181685,3
6760589,3
6286032,3
7705792,3
5715282,3
7734549,3
5996178,3
5796822,3
5862493,3
6512923,3
6868123,3
6671518,3
6816472,3
7240143,3
6836663,3
5745566,3
6936361,3
6091962,3
7321570,3
5812590,3
6199086,3
6487259,3
8320267,3
7614069,3
5752163,3
D497713,3
6138032,3
7584099,3
6046268,3
8199731,3
7397402,3
5752166,3
6961572,3
5717461,3
7242972,3
7504936,3
7424229,3
7961828,3
7111089,3
7453829,3
7062243,3
8185049,3
7468702,3
7857460,3
7706336,3
7600039,3
7359353,3
5911137,3
6324206,3
6859464,3
8059625,3
6948186,3
7616595,3
7359738,3
7298697,3
6836547,3
7577467,3
7965990,3
6081438,3
D705747,3
6597915,3
6969974,3
7486044,3
8295874,3
5818618,3
7046719,3
7826409,3
6252515,3
7925956,3
5797101,3
7289728,3
6973538,3
8030914,3
6971101,3
8068465,3
7167528,3
6931059,3
5786791,3
7298321,3
8074150,3
7027840,3
6047084,3
5857049,3
7088298,3
6453470,3
6900544,3
7044614,3
5864807,3
8300658,3
8116242,3
7404682,3
7778652,3
5761193,3
7181257,3
7463979,3
7529211,3
8009757,3
6429771,3
6970439,3
6107880,3
7376837,3
6748232,3
6104927,3
7111362,3
6889052,3
7450975,3
8284732,3
7023320,3
7132192,3
7705838,3
7251328,3
7710522,3
6122488,3
7246203,3
5884215,3
7319883,3
6202088,3
7269402,3
7652699,3
7053883,3
7778653,3
7302098,3
6160799,3
6981184,3
7250904,3
7839814,3
5841864,3
7242941,3
8023959,3
7515568,3
7336619,2
6957092,2
7414990,2
5688293,2
6476776,2
6314301,2
6424673,2
7685070,2
6859456,2
7949926,2
7912113,2
6573945,2
5809459,2
8235293,2
6061573,2
6978124,2
6804253,2
5956226,2
6292475,2
7269642,2
7474624,2
7567664,2
5824436,2
7590996,2
7388544,2
6054843,2
7516471,2
6118995,2
8275412,2
5878035,2
8310351,2
6493406,2
7725202,2
7273993,2
7634258,2
7340396,2
7683965,2
7265726,2
6914906,2
7616967,2
5764104,2
5930276,2
5831960,2
7027527,2
7154939,2
5801639,2
7227487,2
7187767,2
8190213,2
6606083,2
8665811,2
6654025,2
7024183,2
7130613,2
6351628,2
6973324,2
6963911,2
7853296,2
7382182,2
7254184,2
6731690,2
6728304,2
7453860,2
7496366,2
6470365,2
8267598,2
7747017,2
6871074,2
7190311,2
7925278,2
6917611,2
6570969,2
8040969,2
7643564,2
7292879,2
6167028,2
6208526,2
5903133,2
7155255,2
6311066,2
7646315,2
6064266,2
8270359,2
D559842,2
5920550,2
7548859,2
6543012,2
7016669,2
7844229,2
6445588,2
7363044,2
8265080,2
7098855,2
7848221,2
7023814,2
7698701,2
7142660,2
7305251,2
7653352,2
7403496,2
7499733,2
7885626,2
6510142,2
7010657,2
6917809,2
7337110,2
7493088,2
8209190,2
6587501,2
8587542,2
5930307,2
7221672,2
5691622,2
7769370,2
5929776,2
5781530,2
7345638,2
7176956,2
7876837,2
6163585,2
5974121,2
7554987,2
6466614,2
7202635,2
7671628,2
7283138,2
6116960,2
8072479,2
7626920,2
7792165,2
6926451,2
6144276,2
5793795,2
7471257,2
8542186,2
6320354,2
5896261,2
7818401,2
7542422,2
7483543,2
7450717,2
7612726,2
7697752,2
7486939,2
6819290,2
6259791,2
7932859,2
7230997,2
7272409,2
7831267,2
6829492,2
6788941,2
8090342,2
8300560,2
7979767,2
8131286,2
7523862,2
7620385,2
7877600,2
6778831,2
6307304,2
8044989,2
6298084,2
7173606,2
6278879,2
6895246,2
8160651,2
6636751,2
7637425,2
7013166,2
6151362,2
8144712,2
8098644,2
6839577,2
7145862,2
6935901,2
7512278,2
7533018,2
6993364,2
7853009,2
6900700,2
6298223,2
6275800,2
7421088,2
5626729,2
6094628,2
6101421,2
8160591,2
6498805,2
6594414,2
6832323,2
D707199,2
7349962,2
7710481,2
7923938,2
6996403,2
7454519,2
6008739,2
5923214,2
6064652,2
7239705,2
7450722,2
7570927,2
8249017,2
6789124,2
7211721,2
6640222,2
7231213,2
7620403,2
5934450,2
8213394,2
6807527,2
7330155,2
7212843,2
6424713,2
8126030,2
5790596,2
6493559,2
6781722,2
8155683,2
7443914,2
6728525,2
7773513,2
7757148,2
6167078,2
8724742,2
7532609,2
7050411,2
7243288,2
5692046,2
7133474,2
7860002,2
6999773,2
7096401,2
6813480,2
6567912,2
5880637,2
7499719,2
6912380,2
7944484,2
7912508,2
7184794,2
8364120,2
5783968,2
5783969,2
6134521,2
6444904,2
7570916,2
7383983,2
7821955,2
6934254,2
6975621,2
7706414,2
8189778,2
6954432,2
6587398,2
6249678,2
7185091,2
7965675,2
5875387,2
6764788,2
7269561,2
7755615,2
6463110,2
7626355,2
8014806,2
5822690,2
8140102,2
7068708,2
7035658,2
6141543,2
6988064,2
7061966,2
6625420,2
7208247,2
7689250,2
6839427,2
7475330,2
7073192,2
6426158,2
5689272,2
7269146,2
6192040,2
8259026,2
5873044,2
7233280,2
7395204,2
5937823,2
6470049,2
7336621,2
7400597,2
6205125,2
7969702,2
7680745,2
6052443,2
7058419,2
5856763,2
7068972,2
8073243,2
7054656,2
7561879,2
8068868,2
5974325,2
6463556,2
6175628,2
6373884,2
7043198,2
5894246,2
8194762,2
7257421,2
5778323,2
6865401,2
7362724,2
7568223,2
7471961,2
7873893,2
7724765,2
6904285,2
7536006,2
6148206,2
6999447,2
8400998,2
7167107,2
6163698,2
7817534,2
6714781,2
6016511,2
6967942,2
8073514,2
7924158,2
6944422,2
5736933,2
8059586,2
7693284,2
7689228,2
6128478,2
6961427,2
6993296,2
6278604,2
7089012,2
7126917,2
7136641,2
7177889,2
5987332,2
7747225,2
7167459,2
7643642,2
7493548,2
7236208,2
6980838,2
D705188,2
D705186,2
6307892,2
6151501,2
6292307,2
6515971,2
8284554,2
7564820,2
5742590,2
7176970,2
8532563,2
6459891,2
7965683,2
8082000,2
5990735,2
7493087,2
6167280,2
6859119,2
7908475,2
7843970,2
8285322,2
6757548,2
7477196,2
6873826,2
6931470,2
7101617,2
7509148,2
6215780,2
7656978,2
6930997,2
7653369,2
7165204,2
7496145,2
7231084,2
7720350,2
6226283,2
7747772,2
7054807,2
7642964,2
6072790,2
7558198,2
7512138,2
7688760,2
7184730,2
5905358,2
6453040,2
5737332,2
7646264,2
7310809,2
5732358,2
5821006,2
6043721,2
5741609,2
7642958,2
6175334,2
6192353,2
7110559,2
7594318,2
5760714,2
7309982,2
7705874,2
6707826,2
7573964,2
7330733,2
6768899,2
7743119,2
6178166,2
7330731,2
6798168,2
7626365,2
7098786,2
6891991,2
5604660,2
7738639,2
6822974,2
7623597,2
7539796,2
7317901,2
8175651,2
5750284,2
7169250,2
8266684,2
5953053,2
6767256,2
7027980,2
5754141,2
7924175,2
6106969,2
7689239,2
7822644,2
6965588,2
7149515,2
7289567,2
6967700,2
7634223,2
7272364,2
6876635,2
7058039,2
7640571,2
8180365,2
6963739,2
7274954,2
7899188,2
6373437,2
6553228,2
5790045,2
7148917,2
6060966,2
6747585,2
7024232,2
8493364,2
7366489,2
7295638,2
8397982,2
7447735,1
7734316,1
7405384,1
6681208,1
6169887,1
8433249,1
7734313,1
6246336,1
8565684,1
8086195,1
5729539,1
7446678,1
7872442,1
6169889,1
7196734,1
6920219,1
7821466,1
6833709,1
7446434,1
7130339,1
7676250,1
7865160,1
6084890,1
7890090,1
6313736,1
7580540,1
6480717,1
6778512,1
7764322,1
6243056,1
6252456,1
7796550,1
7751431,1
8089510,1
7433331,1
6774737,1
6208842,1
8144687,1
7047188,1
7081019,1
8047878,1
7904094,1
8310943,1
8223707,1
6396726,1
8509738,1
6442216,1
8254837,1
5930748,1
7030795,1
7796944,1
8250001,1
7834759,1
7983451,1
6408340,1
7181397,1
5777986,1
6643276,1
8190207,1
7539171,1
6147984,1
7181222,1
7463612,1
7499540,1
7680482,1
8509776,1
8280382,1
8364951,1
7570963,1
8290156,1
6078593,1
8000304,1
6741844,1
7872961,1
7885266,1
6963680,1
7724194,1
7965680,1
7792226,1
8008561,1
7570581,1
7480427,1
6054653,1
6940861,1
5928377,1
8483109,1
5936972,1
6091716,1
5908717,1
5952886,1
8193971,1
5604415,1
6765888,1
8255151,1
8249026,1
7099290,1
6092230,1
6570861,1
6272192,1
6041227,1
7088867,1
7116951,1
7221670,1
5930715,1
8457079,1
6113653,1
6148245,1
7729128,1
8254907,1
8463599,1
8081985,1
7649839,1
6801590,1
7805763,1
7899051,1
5754586,1
6148177,1
7120439,1
7969356,1
6963730,1
5831476,1
5831475,1
6978153,1
7333897,1
8369893,1
6470003,1
7162094,1
7551613,1
7418205,1
7596565,1
8018872,1
7734466,1
8175600,1
6108322,1
6732072,1
8090396,1
7269435,1
7356687,1
7894355,1
7099354,1
D602457,1
8509102,1
8179862,1
7558590,1
7424276,1
7148878,1
7463881,1
5784419,1
6996377,1
5787455,1
6917814,1
8098680,1
8774135,1
7191127,1
7532597,1
7499257,1
7447154,1
8040475,1
7246059,1
8442004,1
7706330,1
5694434,1
7237170,1
7016401,1
7072468,1
6839391,1
5810989,1
7359721,1
5793805,1
7623774,1
8332633,1
7701839,1
8179838,1
7580725,1
7224994,1
6859494,1
8244265,1
6999751,1
5822307,1
8144204,1
D704672,1
6426980,1
8553594,1
7529081,1
6252516,1
6961022,1
7945004,1
7894511,1
D703649,1
5802484,1
7136811,1
8223426,1
7649842,1
6728218,1
7965991,1
5805095,1
7447531,1
5859567,1
7177606,1
8108796,1
6570938,1
7839931,1
5767785,1
7519855,1
8125944,1
7159168,1
8055211,1
7177844,1
6041226,1
5905447,1
8611837,1
6763162,1
7227848,1
5748537,1
7508348,1
8364020,1
8442513,1
6453070,1
7477901,1
8223737,1
6639933,1
5923007,1
7733919,1
6734555,1
6999918,1
7299051,1
6035182,1
5754484,1
8194648,1
8175888,1
7577915,1
7200417,1
8509705,1
8249142,1
6965779,1
7263340,1
6438764,1
6063521,1
7349685,1
7069013,1
7184756,1
6609141,1
7224512,1
7532587,1
7869532,1
6044159,1
8508494,1
5666084,1
6160713,1
8462517,1
7010299,1
6353617,1
7586868,1
7873111,1
8229428,1
8321511,1
7042840,1
6049532,1
7634565,1
7855878,1
7456793,1
7373138,1
8489576,1
7353036,1
6942939,1
6477368,1
7416414,1
7006842,1
7692681,1
7881463,1
8244250,1
7342939,1
8583421,1
7796083,1
7197463,1
7978101,1
8274596,1
6044276,1
7787833,1
7474747,1
7856238,1
8325147,1
5650763,1
7853280,1
7899488,1
6947406,1
6009168,1
8050627,1
7356348,1
7206454,1
7945255,1
7295544,1
8004555,1
7068701,1
6738019,1
8224390,1
6298224,1
7577449,1
7449862,1
8396424,1
8589516,1
7764237,1
6617075,1
6003057,1
8519965,1
7395037,1
7729028,1
7705787,1
7590234,1
7672915,1
5846094,1
7110730,1
6141535,1
7649873,1
7830565,1
7769087,1
6671415,1
7606574,1
7369777,1
5873035,1
7508300,1
7668097,1
8176534,1
8078175,1
5684926,1
6195393,1
6204573,1
7209750,1
7787855,1
7277394,1
7024216,1
6756142,1
7911405,1
6976861,1
7672539,1
8406328,1
6542483,1
5787577,1
7116786,1
7054282,1
8541745,1
8054774,1
6078794,1
8295879,1
7945768,1
6078793,1
7158819,1
7043552,1
8285279,1
7305649,1
8316302,1
8295504,1
6220637,1
7206578,1
7292582,1
6173189,1
8204013,1
7900045,1
7721261,1
5691981,1
7910851,1
7487199,1
6996383,1
8396024,1
8050541,1
8073014,1
7769378,1
8462729,1
8042150,1
5688614,1
8155625,1
6539344,1
8443115,1
7801571,1
6944455,1
6078227,1
5943376,1
6459894,1
8193993,1
7199947,1
7096026,1
6952457,1
8374328,1
8509788,1
7499797,1
7787357,1
6301297,1
7079609,1
7723959,1
7282283,1
8667303,1
7707406,1
8483415,1
8067922,1
5670912,1
7320045,1
7853475,1
8619542,1
8019604,1
7065191,1
6138030,1
6175733,1
5978526,1
8255501,1
8315430,1
8392528,1
7933998,1
8483707,1
6980827,1
7720601,1
7653398,1
6931477,1
5825811,1
8532611,1
6927555,1
5962168,1
8140439,1
8108782,1
5946039,1
8245942,1
6064659,1
6963574,1
8077690,1
5912586,1
7773713,1
8340676,1
7773714,1
5834135,1
5867064,1
7146189,1
8483632,1
6801571,1
7607022,1
6233461,1
7623066,1
7642528,1
7590434,1
7466962,1
6118081,1
8223685,1
7205850,1
6114634,1
7471749,1
6002922,1
8050660,1
6163712,1
7130275,1
6131089,1
6396890,1
7170987,1
7526001,1
5689526,1
7907909,1
7715333,1
8514187,1
7224948,1
6298054,1
5848718,1
5807412,1
7797008,1
6972692,1
7596224,1
7343171,1
7820313,1
6111892,1
7403066,1
8280459,1
7096025,1
6118980,1
8132920,1
7521995,1
8059897,1
8005364,1
7515910,1
8200496,1
7203109,1
7881459,1
6985857,1
8601515,1
7613758,1
5999832,1
6643508,1
8294105,1
7173989,1
7831992,1
7272246,1
7881280,1
8249607,1
7295823,1
6917913,1
7269414,1
7826419,1
8044828,1
6853368,1
7660431,1
7002069,1
7145558,1
7415410,1
7976168,1
8447344,1
7647599,1
7245933,1
8050238,1
5886645,1
8199845,1
7709732,1
8279811,1
7843873,1
6611197,1
6937585,1
6002342,1
7720449,1
8280425,1
6035181,1
7268799,1
6577354,1
6141331,1
8010108,1
7132357,1
7545769,1
7774015,1
6856644,1
7409218,1
7489755,1
6885242,1
6480821,1
6480827,1
8160540,1
7742760,1
7079838,1
7706645,1
5892410,1
6156408,1
8743284,1
7058609,1
7817574,1
7102617,1
7236134,1
7383175,1
6049145,1
5909249,1
8050324,1
5950162,1
8005127,1
7103809,1
7024196,1
8344325,1
8160019,1
6894750,1
7620436,1
7764793,1
7328436,1
6614806,1
8269175,1
7590186,1
8503322,1
6795112,1
7161227,1
8139195,1
8189581,1
6926989,1
7924456,1
8484530,1
7469149,1
7626972,1
6978139,1
7650445,1
6642458,1
7551738,1
6553041,1
8219095,1
7132745,1
7602848,1
6177881,1
6154537,1
8289863,1
8412857,1
7609836,1
7006491,1
8374635,1
7264896,1
6937274,1
5940741,1
6768910,1
5843393,1
7181224,1
7688755,1
7596116,1
7946775,1
6617824,1
7200119,1
6975606,1
7460509,1
5940430,1
7839927,1
8131214,1
7336224,1
7502981,1
7782147,1
7487271,1
6845359,1
7051938,1
7941181,1
6081202,1
8223854,1
7804912,1
7499688,1
8098620,1
7239620,1
8604980,1
6071649,1
8712446,1
6594247,1
8438595,1
8300845,1
D636782,1
6006067,1
6198406,1
7647042,1
7108931,1
6873614,1
8594207,1
7088770,1
7603092,1
5671255,1
7747004,1
5703571,1
7496363,1
7413110,1
7489703,1
6272243,1
7729106,1
7502909,1
7177657,1
7262812,1
7944981,1
7450490,1
6851930,1
5974079,1
6813351,1
8559458,1
7529440,1
6917977,1
5844448,1
6944177,1
7327704,1
5929773,1
7266171,1
7467352,1
6791958,1
6777727,1
7212844,1
7171204,1
6045946,1
8015005,1
7271772,1
7996019,1
8279822,1
8483086,1
6982752,1
8374260,1
7567239,1
6882855,1
5874856,1
7936894,1
8619029,1
6324407,1
6515577,1
8364964,1
6229794,1
7385913,1
6137867,1
7020198,1
8520617,1
8095170,1
8521187,1
8280409,1
6011959,1
7916811,1
7962181,1
8140081,1
7508434,1
7310376,1
7609676,1
6535127,1
6322918,1
7188167,1
7642136,1
8000268,1
6101370,1
5940757,1
6553017,1
7149523,1
7417968,1
7664259,1
7283806,1
7414983,1
7636746,1
7546149,1
8582538,1
7836095,1
6931264,1
8284761,1
7583973,1
7600925,1
6813736,1
6564068,1
5831976,1
5991912,1
7414984,1
8520572,1
6040720,1
8537658,1
8018385,1
6310992,1
8683453,1
7023421,1
6021216,1
6925309,1
8054808,1
5936516,1
7558586,1
6335768,1
5821820,1
6989235,1
8553808,1
6925095,1
8111746,1
8194604,1
7769365,1
8219408,1
6169906,1
7418011,1
6622025,1
8537790,1
6801754,1
7142667,1
8223961,1
7299173,1
6968158,1
6784786,1
7312729,1
8583107,1
8054391,1
D616898,1
7482574,1
7076234,1
7562290,1
5878352,1
7242956,1
7723613,1
7853220,1
8731081,1
8261183,1
6275193,1
8144719,1
8509146,1
6996197,1
7724806,1
8112781,1
7555044,1
6091229,1
5787128,1
8213406,1
8311593,1
8433582,1
8497884,1
8160618,1
6824919,1
6402010,1
7394774,1
7826467,1
7681009,1
6985573,1
7689247,1
